{
  "id": "45e5cd8d-ee5d-4dd8-a8cd-2b44dd243280",
  "revision": 0,
  "last_node_id": 101,
  "last_link_id": 50,
  "nodes": [
    {
      "id": 100,
      "type": "Note",
      "pos": [
        -700,
        50
      ],
      "size": [
        700,
        1100
      ],
      "flags": {},
      "order": 0,
      "mode": 0,
      "inputs": [],
      "outputs": [],
      "properties": {
        "text": ""
      },
      "widgets_values": [
        "# FreeFuse Flux2.Klein 4B — Model Guide\n# FreeFuse Flux2.Klein 4B — 模型指南\n\nModel links synced from ComfyUI official Flux2-Klein workflow:\n- diffusion_models/flux-2-klein-base-4b.safetensors\n- diffusion_models/flux-2-klein-4b.safetensors\n- text_encoders/qwen_3_4b.safetensors\n- vae/flux2-vae.safetensors"
      ],
      "color": "#432",
      "bgcolor": "#653",
      "title": "Flux2/Klein 4B Model Guide"
    },
    {
      "id": 1,
      "type": "UNETLoader",
      "pos": [
        50,
        100
      ],
      "size": [
        315,
        82
      ],
      "flags": {},
      "order": 1,
      "mode": 0,
      "inputs": [],
      "outputs": [
        {
          "name": "MODEL",
          "type": "MODEL",
          "slot_index": 0,
          "links": [
            1
          ]
        }
      ],
      "title": "Load Flux2/Klein 4B UNET",
      "properties": {
        "Node name for S&R": "UNETLoader",
        "cnr_id": "comfy-core",
        "models": [
          {
            "name": "flux-2-klein-base-4b.safetensors",
            "url": "https://huggingface.co/Comfy-Org/flux2-klein/resolve/main/split_files/diffusion_models/flux-2-klein-base-4b.safetensors",
            "directory": "diffusion_models"
          },
          {
            "name": "flux-2-klein-4b.safetensors",
            "url": "https://huggingface.co/Comfy-Org/flux2-klein/resolve/main/split_files/diffusion_models/flux-2-klein-4b.safetensors",
            "directory": "diffusion_models"
          }
        ]
      },
      "widgets_values": [
        "flux-2-klein-4b.safetensors",
        "fp8_e4m3fn"
      ]
    },
    {
      "id": 2,
      "type": "CLIPLoader",
      "pos": [
        50,
        250
      ],
      "size": [
        315,
        130
      ],
      "flags": {},
      "order": 2,
      "mode": 0,
      "inputs": [],
      "outputs": [
        {
          "name": "CLIP",
          "type": "CLIP",
          "slot_index": 0,
          "links": [
            2
          ]
        }
      ],
      "title": "Load Flux2/Klein 4B Text Encoder",
      "properties": {
        "Node name for S&R": "CLIPLoader",
        "cnr_id": "comfy-core",
        "models": [
          {
            "name": "qwen_3_4b.safetensors",
            "url": "https://huggingface.co/Comfy-Org/flux2-klein/resolve/main/split_files/text_encoders/qwen_3_4b.safetensors",
            "directory": "text_encoders"
          }
        ]
      },
      "widgets_values": [
        "qwen_3_4b.safetensors",
        "flux2",
        "default"
      ]
    },
    {
      "id": 3,
      "type": "VAELoader",
      "pos": [
        50,
        450
      ],
      "size": [
        315,
        58
      ],
      "flags": {},
      "order": 3,
      "mode": 0,
      "inputs": [],
      "outputs": [
        {
          "name": "VAE",
          "type": "VAE",
          "slot_index": 0,
          "links": [
            30
          ]
        }
      ],
      "title": "Load Flux2 VAE",
      "properties": {
        "Node name for S&R": "VAELoader",
        "cnr_id": "comfy-core",
        "models": [
          {
            "name": "flux2-vae.safetensors",
            "url": "https://huggingface.co/Comfy-Org/flux2-dev/resolve/main/split_files/vae/flux2-vae.safetensors",
            "directory": "vae"
          }
        ]
      },
      "widgets_values": [
        "flux2-vae.safetensors"
      ]
    },
    {
      "id": 4,
      "type": "FreeFuseLoRALoader",
      "pos": [
        450,
        100
      ],
      "size": [
        315,
        170
      ],
      "flags": {},
      "order": 7,
      "mode": 0,
      "inputs": [
        {
          "name": "model",
          "type": "MODEL",
          "link": 1
        },
        {
          "name": "clip",
          "type": "CLIP",
          "link": 2
        },
        {
          "name": "freefuse_data",
          "shape": 7,
          "type": "FREEFUSE_DATA",
          "link": null
        }
      ],
      "outputs": [
        {
          "name": "model",
          "type": "MODEL",
          "slot_index": 0,
          "links": [
            3
          ]
        },
        {
          "name": "clip",
          "type": "CLIP",
          "slot_index": 1,
          "links": [
            4
          ]
        },
        {
          "name": "freefuse_data",
          "type": "FREEFUSE_DATA",
          "slot_index": 2,
          "links": [
            5
          ]
        }
      ],
      "title": "LoRA 1: Harry Klein",
      "properties": {
        "Node name for S&R": "FreeFuseLoRALoader"
      },
      "widgets_values": [
        "harry_klein_4b.safetensors",
        "harry_klein",
        1,
        1
      ]
    },
    {
      "id": 5,
      "type": "FreeFuseLoRALoader",
      "pos": [
        450,
        320
      ],
      "size": [
        315,
        170
      ],
      "flags": {},
      "order": 8,
      "mode": 0,
      "inputs": [
        {
          "name": "model",
          "type": "MODEL",
          "link": 3
        },
        {
          "name": "clip",
          "type": "CLIP",
          "link": 4
        },
        {
          "name": "freefuse_data",
          "shape": 7,
          "type": "FREEFUSE_DATA",
          "link": 5
        }
      ],
      "outputs": [
        {
          "name": "model",
          "type": "MODEL",
          "slot_index": 0,
          "links": [
            6
          ]
        },
        {
          "name": "clip",
          "type": "CLIP",
          "slot_index": 1,
          "links": [
            7,
            8,
            9
          ]
        },
        {
          "name": "freefuse_data",
          "type": "FREEFUSE_DATA",
          "slot_index": 2,
          "links": [
            10
          ]
        }
      ],
      "title": "LoRA 2: Shalnark Klein",
      "properties": {
        "Node name for S&R": "FreeFuseLoRALoader"
      },
      "widgets_values": [
        "shalnark_klein_4b.safetensors",
        "shalnark_klein",
        1,
        1
      ]
    },
    {
      "id": 6,
      "type": "FreeFuseConceptMap",
      "pos": [
        850,
        100
      ],
      "size": [
        380,
        424.0000000000001
      ],
      "flags": {},
      "order": 11,
      "mode": 0,
      "inputs": [
        {
          "name": "freefuse_data",
          "shape": 7,
          "type": "FREEFUSE_DATA",
          "link": 10
        }
      ],
      "outputs": [
        {
          "name": "freefuse_data",
          "type": "FREEFUSE_DATA",
          "slot_index": 0,
          "links": [
            11
          ]
        }
      ],
      "title": "Concept Mapping",
      "properties": {
        "Node name for S&R": "FreeFuseConceptMap"
      },
      "widgets_values": [
        "harry_klein",
        "harry potter, an European photorealistic style teenage wizard boy with messy black hair, round wire-frame glasses, and bright green eyes, wearing a white shirt, burgundy and gold striped tie, and dark robes",
        "shalnark_klein",
        "shalnark, an anime boy with blonde bob haircut and turquoise eyes, wearing purple and teal futuristic uniform, determined expression, digital anime art style",
        "",
        "",
        "",
        "",
        true,
        ""
      ]
    },
    {
      "id": 20,
      "type": "PrimitiveNode",
      "pos": [
        850,
        500
      ],
      "size": [
        380,
        130
      ],
      "flags": {},
      "order": 4,
      "mode": 0,
      "inputs": [],
      "outputs": [
        {
          "name": "STRING",
          "type": "STRING",
          "widget": {
            "name": "prompt"
          },
          "slot_index": 0,
          "links": [
            35,
            36
          ]
        }
      ],
      "title": "Main Prompt",
      "properties": {
        "Run widget replace on values": false
      },
      "widgets_values": [
        "A picture of two characters, a starry night scene with northern lights: harry potter, an European photorealistic style teenage wizard boy with messy black hair, round wire-frame glasses, and bright green eyes, wearing a white shirt, burgundy and gold striped tie, and dark robes and shalnark, an anime boy with blonde bob haircut and turquoise eyes, wearing purple and teal futuristic uniform, determined expression, digital anime art style"
      ]
    },
    {
      "id": 8,
      "type": "FreeFuseTokenPositions",
      "pos": [
        1320,
        100
      ],
      "size": [
        340,
        156
      ],
      "flags": {},
      "order": 12,
      "mode": 0,
      "inputs": [
        {
          "name": "clip",
          "type": "CLIP",
          "link": 7
        },
        {
          "name": "freefuse_data",
          "type": "FREEFUSE_DATA",
          "link": 11
        },
        {
          "name": "prompt",
          "type": "STRING",
          "widget": {
            "name": "prompt"
          },
          "link": 35
        }
      ],
      "outputs": [
        {
          "name": "freefuse_data",
          "type": "FREEFUSE_DATA",
          "slot_index": 0,
          "links": [
            14
          ]
        }
      ],
      "title": "Compute Token Positions",
      "properties": {
        "Node name for S&R": "FreeFuseTokenPositions"
      },
      "widgets_values": [
        "A picture of two characters, a starry night scene with northern lights: harry potter, an European photorealistic style teenage wizard boy with messy black hair, round wire-frame glasses, and bright green eyes, wearing a white shirt, burgundy and gold striped tie, and dark robes and shalnark, an anime boy with blonde bob haircut and turquoise eyes, wearing purple and teal futuristic uniform, determined expression, digital anime art style",
        true,
        true
      ]
    },
    {
      "id": 9,
      "type": "CLIPTextEncode",
      "pos": [
        1320,
        280
      ],
      "size": [
        340,
        166
      ],
      "flags": {},
      "order": 9,
      "mode": 0,
      "inputs": [
        {
          "name": "clip",
          "type": "CLIP",
          "link": 8
        },
        {
          "name": "text",
          "type": "STRING",
          "widget": {
            "name": "text"
          },
          "link": 36
        }
      ],
      "outputs": [
        {
          "name": "CONDITIONING",
          "type": "CONDITIONING",
          "slot_index": 0,
          "links": [
            16,
            28
          ]
        }
      ],
      "title": "Positive Conditioning",
      "properties": {
        "Node name for S&R": "CLIPTextEncode"
      },
      "widgets_values": [
        "A picture of two characters, a starry night scene with northern lights: harry potter, an European photorealistic style teenage wizard boy with messy black hair, round wire-frame glasses, and bright green eyes, wearing a white shirt, burgundy and gold striped tie, and dark robes and shalnark, an anime boy with blonde bob haircut and turquoise eyes, wearing purple and teal futuristic uniform, determined expression, digital anime art style"
      ]
    },
    {
      "id": 13,
      "type": "PreviewImage",
      "pos": [
        2220,
        100
      ],
      "size": [
        320,
        280
      ],
      "flags": {},
      "order": 15,
      "mode": 0,
      "inputs": [
        {
          "name": "images",
          "type": "IMAGE",
          "link": 21
        }
      ],
      "outputs": [],
      "title": "Phase 1 Mask Preview",
      "properties": {
        "Node name for S&R": "PreviewImage"
      },
      "widgets_values": []
    },
    {
      "id": 15,
      "type": "FreeFuseMaskPreview",
      "pos": [
        2220,
        420
      ],
      "size": [
        320,
        150
      ],
      "flags": {},
      "order": 14,
      "mode": 0,
      "inputs": [
        {
          "name": "masks",
          "type": "FREEFUSE_MASKS",
          "link": 20
        }
      ],
      "outputs": [
        {
          "name": "combined_preview",
          "type": "IMAGE",
          "slot_index": 0,
          "links": [
            40
          ]
        },
        {
          "name": "individual_masks",
          "type": "IMAGE",
          "slot_index": 1,
          "links": [
            41
          ]
        }
      ],
      "title": "Detailed Mask Preview",
      "properties": {
        "Node name for S&R": "FreeFuseMaskPreview"
      },
      "widgets_values": [
        512,
        512,
        true,
        true
      ]
    },
    {
      "id": 25,
      "type": "PreviewImage",
      "pos": [
        2600,
        420
      ],
      "size": [
        260,
        246
      ],
      "flags": {},
      "order": 16,
      "mode": 0,
      "inputs": [
        {
          "name": "images",
          "type": "IMAGE",
          "link": 40
        }
      ],
      "outputs": [],
      "title": "Combined Masks",
      "properties": {
        "Node name for S&R": "PreviewImage"
      },
      "widgets_values": []
    },
    {
      "id": 26,
      "type": "PreviewImage",
      "pos": [
        2600,
        680
      ],
      "size": [
        260,
        246
      ],
      "flags": {},
      "order": 17,
      "mode": 0,
      "inputs": [
        {
          "name": "images",
          "type": "IMAGE",
          "link": 41
        }
      ],
      "outputs": [],
      "title": "Individual Masks",
      "properties": {
        "Node name for S&R": "PreviewImage"
      },
      "widgets_values": []
    },
    {
      "id": 14,
      "type": "FreeFuseMaskApplicator",
      "pos": [
        1753.1380528702302,
        881.355366001827
      ],
      "size": [
        380,
        320
      ],
      "flags": {},
      "order": 18,
      "mode": 0,
      "inputs": [
        {
          "name": "model",
          "type": "MODEL",
          "link": 18
        },
        {
          "name": "masks",
          "type": "FREEFUSE_MASKS",
          "link": 19
        },
        {
          "name": "freefuse_data",
          "type": "FREEFUSE_DATA",
          "link": 14
        },
        {
          "name": "latent",
          "shape": 7,
          "type": "LATENT",
          "link": 22
        }
      ],
      "outputs": [
        {
          "name": "model",
          "type": "MODEL",
          "slot_index": 0,
          "links": [
            23
          ]
        }
      ],
      "title": "Phase 2: Apply Masks",
      "properties": {
        "Node name for S&R": "FreeFuseMaskApplicator"
      },
      "widgets_values": [
        true,
        true,
        3,
        1,
        true,
        true,
        "all"
      ]
    },
    {
      "id": 16,
      "type": "KSampler",
      "pos": [
        1753.1380528702302,
        1281.3553660018272
      ],
      "size": [
        380,
        350
      ],
      "flags": {},
      "order": 19,
      "mode": 0,
      "inputs": [
        {
          "name": "model",
          "type": "MODEL",
          "link": 23
        },
        {
          "name": "positive",
          "type": "CONDITIONING",
          "link": 28
        },
        {
          "name": "negative",
          "type": "CONDITIONING",
          "link": 39
        },
        {
          "name": "latent_image",
          "type": "LATENT",
          "link": 50
        }
      ],
      "outputs": [
        {
          "name": "LATENT",
          "type": "LATENT",
          "slot_index": 0,
          "links": [
            24
          ]
        }
      ],
      "title": "Phase 2: Full Generation",
      "properties": {
        "Node name for S&R": "KSampler"
      },
      "widgets_values": [
        77,
        "fixed",
        4,
        1,
        "euler",
        "simple",
        1
      ]
    },
    {
      "id": 17,
      "type": "VAEDecode",
      "pos": [
        2220,
        1050
      ],
      "size": [
        200,
        50
      ],
      "flags": {},
      "order": 20,
      "mode": 0,
      "inputs": [
        {
          "name": "samples",
          "type": "LATENT",
          "link": 24
        },
        {
          "name": "vae",
          "type": "VAE",
          "link": 30
        }
      ],
      "outputs": [
        {
          "name": "IMAGE",
          "type": "IMAGE",
          "slot_index": 0,
          "links": [
            26
          ]
        }
      ],
      "properties": {
        "Node name for S&R": "VAEDecode"
      },
      "widgets_values": []
    },
    {
      "id": 18,
      "type": "SaveImage",
      "pos": [
        2500,
        950
      ],
      "size": [
        400,
        400
      ],
      "flags": {},
      "order": 21,
      "mode": 0,
      "inputs": [
        {
          "name": "images",
          "type": "IMAGE",
          "link": 26
        }
      ],
      "outputs": [],
      "title": "Final Output",
      "properties": {
        "Node name for S&R": "SaveImage"
      },
      "widgets_values": [
        "FreeFuse/flux2_klein_4b_output"
      ]
    },
    {
      "id": 101,
      "type": "Note",
      "pos": [
        -694.8444062850768,
        1195.91015625
      ],
      "size": [
        700,
        2200
      ],
      "flags": {},
      "order": 5,
      "mode": 0,
      "inputs": [],
      "outputs": [],
      "properties": {
        "text": ""
      },
      "widgets_values": [
        "# FreeFuse Flux2.Klein 4B — Parameter Notes\n\nSynced to `test_freefuse_compare.py`:\n- steps=4, cfg=1.0, seed=77\n- collect_step=2, collect_block=6, temperature=0.0, top_k_ratio=0.1\n- attention bias: neg=3.0, pos=1.0, bidirectional=true"
      ],
      "color": "#224",
      "bgcolor": "#335",
      "title": "Flux2/Klein 4B Parameters"
    },
    {
      "id": 12,
      "type": "FreeFusePhase1Sampler",
      "pos": [
        1750,
        100
      ],
      "size": [
        380,
        666
      ],
      "flags": {},
      "order": 13,
      "mode": 0,
      "inputs": [
        {
          "name": "model",
          "type": "MODEL",
          "link": 6
        },
        {
          "name": "conditioning",
          "type": "CONDITIONING",
          "link": 16
        },
        {
          "name": "neg_conditioning",
          "type": "CONDITIONING",
          "link": 38
        },
        {
          "name": "latent",
          "type": "LATENT",
          "link": 17
        },
        {
          "name": "freefuse_data",
          "type": "FREEFUSE_DATA",
          "link": 14
        }
      ],
      "outputs": [
        {
          "name": "model",
          "type": "MODEL",
          "slot_index": 0,
          "links": [
            18
          ]
        },
        {
          "name": "masks",
          "type": "FREEFUSE_MASKS",
          "slot_index": 1,
          "links": [
            19,
            20
          ]
        },
        {
          "name": "mask_preview",
          "type": "IMAGE",
          "slot_index": 2,
          "links": [
            21
          ]
        }
      ],
      "title": "Phase 1: Collect Masks",
      "properties": {
        "Node name for S&R": "FreeFusePhase1Sampler"
      },
      "widgets_values": [
        77,
        4,
        4,
        2,
        1,
        "euler",
        "simple",
        6,
        "output_early ★ (recommended)",
        3,
        0,
        0.1,
        true,
        0.95,
        true,
        15,
        0.01,
        0.0004,
        0.0004,
        0.2,
        0,
        0,
        1.3
      ]
    },
    {
      "id": 10,
      "type": "EmptyFlux2LatentImage",
      "pos": [
        1320,
        651.2468911968602
      ],
      "size": [
        340,
        106
      ],
      "flags": {},
      "order": 6,
      "mode": 0,
      "inputs": [],
      "outputs": [
        {
          "name": "LATENT",
          "type": "LATENT",
          "slot_index": 0,
          "links": [
            17,
            22,
            50
          ]
        }
      ],
      "title": "Latent Image Size",
      "properties": {
        "Node name for S&R": "EmptyFlux2LatentImage"
      },
      "widgets_values": [
        1024,
        1024,
        1
      ]
    },
    {
      "id": 11,
      "type": "CLIPTextEncode",
      "pos": [
        1320.78017412197,
        478.0312149293347
      ],
      "size": [
        340,
        166
      ],
      "flags": {},
      "order": 10,
      "mode": 0,
      "inputs": [
        {
          "name": "clip",
          "type": "CLIP",
          "link": 9
        }
      ],
      "outputs": [
        {
          "name": "CONDITIONING",
          "type": "CONDITIONING",
          "slot_index": 0,
          "links": [
            38,
            39
          ]
        }
      ],
      "title": "Negative Conditioning",
      "properties": {
        "Node name for S&R": "CLIPTextEncode"
      },
      "widgets_values": [
        ""
      ]
    }
  ],
  "links": [
    [
      1,
      1,
      0,
      4,
      0,
      "MODEL"
    ],
    [
      2,
      2,
      0,
      4,
      1,
      "CLIP"
    ],
    [
      3,
      4,
      0,
      5,
      0,
      "MODEL"
    ],
    [
      4,
      4,
      1,
      5,
      1,
      "CLIP"
    ],
    [
      5,
      4,
      2,
      5,
      2,
      "FREEFUSE_DATA"
    ],
    [
      6,
      5,
      0,
      12,
      0,
      "MODEL"
    ],
    [
      7,
      5,
      1,
      8,
      0,
      "CLIP"
    ],
    [
      8,
      5,
      1,
      9,
      0,
      "CLIP"
    ],
    [
      9,
      5,
      1,
      11,
      0,
      "CLIP"
    ],
    [
      10,
      5,
      2,
      6,
      0,
      "FREEFUSE_DATA"
    ],
    [
      11,
      6,
      0,
      8,
      1,
      "FREEFUSE_DATA"
    ],
    [
      14,
      8,
      0,
      12,
      4,
      "FREEFUSE_DATA"
    ],
    [
      16,
      9,
      0,
      12,
      1,
      "CONDITIONING"
    ],
    [
      17,
      10,
      0,
      12,
      3,
      "LATENT"
    ],
    [
      18,
      12,
      0,
      14,
      0,
      "MODEL"
    ],
    [
      19,
      12,
      1,
      14,
      1,
      "FREEFUSE_MASKS"
    ],
    [
      20,
      12,
      1,
      15,
      0,
      "FREEFUSE_MASKS"
    ],
    [
      21,
      12,
      2,
      13,
      0,
      "IMAGE"
    ],
    [
      22,
      10,
      0,
      14,
      3,
      "LATENT"
    ],
    [
      23,
      14,
      0,
      16,
      0,
      "MODEL"
    ],
    [
      24,
      16,
      0,
      17,
      0,
      "LATENT"
    ],
    [
      26,
      17,
      0,
      18,
      0,
      "IMAGE"
    ],
    [
      28,
      9,
      0,
      16,
      1,
      "CONDITIONING"
    ],
    [
      30,
      3,
      0,
      17,
      1,
      "VAE"
    ],
    [
      35,
      20,
      0,
      8,
      2,
      "STRING"
    ],
    [
      36,
      20,
      0,
      9,
      1,
      "STRING"
    ],
    [
      38,
      11,
      0,
      12,
      2,
      "CONDITIONING"
    ],
    [
      39,
      11,
      0,
      16,
      2,
      "CONDITIONING"
    ],
    [
      40,
      15,
      0,
      25,
      0,
      "IMAGE"
    ],
    [
      41,
      15,
      1,
      26,
      0,
      "IMAGE"
    ],
    [
      50,
      10,
      0,
      16,
      3,
      "LATENT"
    ]
  ],
  "groups": [
    {
      "id": 1,
      "title": "1. Load Models",
      "bounding": [
        30,
        50,
        380,
        520
      ],
      "color": "#3f789e",
      "font_size": 24,
      "flags": {}
    },
    {
      "id": 2,
      "title": "2. Load LoRAs",
      "bounding": [
        430,
        50,
        380,
        480
      ],
      "color": "#2E8B57",
      "font_size": 24,
      "flags": {}
    },
    {
      "id": 3,
      "title": "3. Concept Mapping",
      "bounding": [
        830,
        50,
        420,
        620
      ],
      "color": "#88A825",
      "font_size": 24,
      "flags": {}
    },
    {
      "id": 4,
      "title": "4. Conditioning",
      "bounding": [
        1300,
        50,
        400,
        700
      ],
      "color": "#DAA520",
      "font_size": 24,
      "flags": {}
    },
    {
      "id": 5,
      "title": "5. Phase 1: Masks",
      "bounding": [
        1730,
        50,
        520,
        500
      ],
      "color": "#A8442A",
      "font_size": 24,
      "flags": {}
    },
    {
      "id": 6,
      "title": "6. Phase 2: Generate",
      "bounding": [
        1733.1380528702302,
        831.355366001827,
        520,
        850
      ],
      "color": "#7B3F9E",
      "font_size": 24,
      "flags": {}
    }
  ],
  "config": {},
  "extra": {
    "ds": {
      "scale": 0.6288129863327355,
      "offset": [
        -1025.4246527754556,
        -144.5362040523662
      ]
    },
    "info": {
      "name": "FreeFuse Flux2.Klein 4B Complete Workflow",
      "description": "Two-phase FreeFuse workflow for Flux2/Klein 4B with script-aligned prompt/LoRA defaults and official model links.",
      "author": "FreeFuse Team",
      "version": "3.1",
      "notes": "Model links synced from image_flux2_klein_text_to_image.json. Main generation settings are aligned to main_freefuse_flux2_klein_4b.py where node interfaces allow.",
      "models": {
        "text_encoders": [
          {
            "name": "qwen_3_4b.safetensors",
            "url": "https://huggingface.co/Comfy-Org/flux2-klein/resolve/main/split_files/text_encoders/qwen_3_4b.safetensors"
          }
        ],
        "diffusion_models": [
          {
            "name": "flux-2-klein-base-4b.safetensors",
            "url": "https://huggingface.co/Comfy-Org/flux2-klein/resolve/main/split_files/diffusion_models/flux-2-klein-base-4b.safetensors"
          },
          {
            "name": "flux-2-klein-4b.safetensors",
            "url": "https://huggingface.co/Comfy-Org/flux2-klein/resolve/main/split_files/diffusion_models/flux-2-klein-4b.safetensors"
          }
        ],
        "vae": [
          {
            "name": "flux2-vae.safetensors",
            "url": "https://huggingface.co/Comfy-Org/flux2-dev/resolve/main/split_files/vae/flux2-vae.safetensors"
          }
        ],
        "loras": [
          {
            "name": "harry_klein_4b.safetensors",
            "url": "",
            "note": "Custom LoRA used by main_freefuse_flux2_klein_4b.py"
          },
          {
            "name": "shalnark_klein_4b.safetensors",
            "url": "",
            "note": "Custom LoRA used by main_freefuse_flux2_klein_4b.py"
          }
        ]
      }
    },
    "workflowRendererVersion": "LG",
    "frontendVersion": "1.37.11"
  },
  "version": 0.4
}
