{
  "id": "9ae6082b-c7f4-433c-9971-7a8f65a3ea65",
  "revision": 0,
  "last_node_id": 61,
  "last_link_id": 68,
  "nodes": [
    {
      "id": 61,
      "type": "StringConcatenate",
      "pos": [
        140,
        500
      ],
      "size": [
        400,
        200
      ],
      "flags": {},
      "order": 3,
      "mode": 0,
      "inputs": [
        {
          "name": "string_b",
          "type": "STRING",
          "widget": {
            "name": "string_b"
          },
          "link": 67
        }
      ],
      "outputs": [
        {
          "name": "STRING",
          "type": "STRING",
          "links": [
            66
          ]
        }
      ],
      "properties": {
        "Node name for S&R": "StringConcatenate",
        "cnr_id": "comfy-core",
        "ver": "0.7.0",
        "enableTabs": false,
        "tabWidth": 65,
        "tabXOffset": 10,
        "hasSecondTab": false,
        "secondTabText": "Send Back",
        "secondTabOffset": 80,
        "secondTabWidth": 65
      },
      "widgets_values": [
        "Pixel art style,",
        "",
        ""
      ]
    },
    {
      "id": 9,
      "type": "SaveImage",
      "pos": [
        1160,
        -110
      ],
      "size": [
        780,
        660
      ],
      "flags": {},
      "order": 4,
      "mode": 0,
      "inputs": [
        {
          "name": "images",
          "type": "IMAGE",
          "link": 62
        }
      ],
      "outputs": [],
      "properties": {
        "Node name for S&R": "SaveImage",
        "cnr_id": "comfy-core",
        "ver": "0.3.64",
        "enableTabs": false,
        "tabWidth": 65,
        "tabXOffset": 10,
        "hasSecondTab": false,
        "secondTabText": "Send Back",
        "secondTabOffset": 80,
        "secondTabWidth": 65
      },
      "widgets_values": [
        "z-image"
      ]
    },
    {
      "id": 60,
      "type": "SaveImage",
      "pos": [
        1170,
        630
      ],
      "size": [
        780,
        660
      ],
      "flags": {},
      "order": 6,
      "mode": 4,
      "inputs": [
        {
          "name": "images",
          "type": "IMAGE",
          "link": 65
        }
      ],
      "outputs": [],
      "properties": {
        "Node name for S&R": "SaveImage",
        "cnr_id": "comfy-core",
        "ver": "0.3.64",
        "enableTabs": false,
        "tabWidth": 65,
        "tabXOffset": 10,
        "hasSecondTab": false,
        "secondTabText": "Send Back",
        "secondTabOffset": 80,
        "secondTabWidth": 65
      },
      "widgets_values": [
        "z-image"
      ]
    },
    {
      "id": 35,
      "type": "MarkdownNote",
      "pos": [
        -440,
        190
      ],
      "size": [
        510,
        600
      ],
      "flags": {
        "collapsed": false
      },
      "order": 0,
      "mode": 0,
      "inputs": [],
      "outputs": [],
      "title": "Model link",
      "properties": {},
      "widgets_values": [
        "## Report workflow issue\n\nIf you found any issues when running this workflow, [report template issue here](https://github.com/Comfy-Org/workflow_templates/issues)\n\n\n## Model links\n\n**text_encoders**\n\n- [qwen_3_4b.safetensors](https://huggingface.co/Comfy-Org/z_image_turbo/resolve/main/split_files/text_encoders/qwen_3_4b.safetensors)\n\n**loras**\n\n- [pixel_art_style_z_image_turbo.safetensors](https://huggingface.co/tarn59/pixel_art_style_lora_z_image_turbo/resolve/main/pixel_art_style_z_image_turbo.safetensors)\n\n**diffusion_models**\n\n- [z_image_turbo_bf16.safetensors](https://huggingface.co/Comfy-Org/z_image_turbo/resolve/main/split_files/diffusion_models/z_image_turbo_bf16.safetensors)\n\n**vae**\n\n- [ae.safetensors](https://huggingface.co/Comfy-Org/z_image_turbo/resolve/main/split_files/vae/ae.safetensors)\n\n\nModel Storage Location\n\n```\n📂 ComfyUI/\n├── 📂 models/\n│   ├── 📂 text_encoders/\n│   │      └── qwen_3_4b.safetensors\n│   ├── 📂 loras/\n│   │      └── pixel_art_style_z_image_turbo.safetensors\n│   ├── 📂 diffusion_models/\n│   │      └── z_image_turbo_bf16.safetensors\n│   └── 📂 vae/\n│          └── ae.safetensors\n```\n"
      ],
      "color": "#432",
      "bgcolor": "#000"
    },
    {
      "id": 59,
      "type": "d097b645-4d3a-4bb7-8b0e-70e601cf07c9",
      "pos": [
        720,
        630
      ],
      "size": [
        400,
        470
      ],
      "flags": {},
      "order": 5,
      "mode": 4,
      "inputs": [
        {
          "name": "text",
          "type": "STRING",
          "widget": {
            "name": "text"
          },
          "link": 66
        },
        {
          "label": "lora_strength",
          "name": "strength_model",
          "type": "FLOAT",
          "widget": {
            "name": "strength_model"
          },
          "link": null
        }
      ],
      "outputs": [
        {
          "name": "IMAGE",
          "type": "IMAGE",
          "links": [
            65
          ]
        }
      ],
      "properties": {
        "proxyWidgets": [
          [
            "-1",
            "text"
          ],
          [
            "-1",
            "width"
          ],
          [
            "-1",
            "height"
          ],
          [
            "-1",
            "lora_name"
          ],
          [
            "-1",
            "strength_model"
          ],
          [
            "3",
            "seed"
          ],
          [
            "3",
            "control_after_generate"
          ]
        ],
        "cnr_id": "comfy-core",
        "ver": "0.3.73",
        "enableTabs": false,
        "tabWidth": 65,
        "tabXOffset": 10,
        "hasSecondTab": false,
        "secondTabText": "Send Back",
        "secondTabOffset": 80,
        "secondTabWidth": 65
      },
      "widgets_values": [
        "",
        1024,
        1024,
        "pixel_art_style_z_image_turbo.safetensors",
        1
      ]
    },
    {
      "id": 58,
      "type": "PrimitiveStringMultiline",
      "pos": [
        140,
        230
      ],
      "size": [
        400,
        200
      ],
      "flags": {},
      "order": 1,
      "mode": 0,
      "inputs": [],
      "outputs": [
        {
          "name": "STRING",
          "type": "STRING",
          "links": [
            63,
            67
          ]
        }
      ],
      "title": "Prompt",
      "properties": {
        "Node name for S&R": "PrimitiveStringMultiline",
        "cnr_id": "comfy-core",
        "ver": "0.7.0",
        "enableTabs": false,
        "tabWidth": 65,
        "tabXOffset": 10,
        "hasSecondTab": false,
        "secondTabText": "Send Back",
        "secondTabOffset": 80,
        "secondTabWidth": 65
      },
      "widgets_values": [
        "Latina female with thick wavy hair, harbor boats and pastel houses behind. Breezy seaside light, warm tones, cinematic close-up. "
      ]
    },
    {
      "id": 57,
      "type": "f2fdebf6-dfaf-43b6-9eb2-7f70613cfdc1",
      "pos": [
        720,
        -110
      ],
      "size": [
        400,
        470
      ],
      "flags": {},
      "order": 2,
      "mode": 0,
      "inputs": [
        {
          "label": "prompt",
          "name": "text",
          "type": "STRING",
          "widget": {
            "name": "text"
          },
          "link": 63
        }
      ],
      "outputs": [
        {
          "name": "IMAGE",
          "type": "IMAGE",
          "links": [
            62
          ]
        }
      ],
      "properties": {
        "proxyWidgets": [
          [
            "-1",
            "text"
          ],
          [
            "-1",
            "width"
          ],
          [
            "-1",
            "height"
          ],
          [
            "3",
            "seed"
          ],
          [
            "3",
            "control_after_generate"
          ]
        ],
        "cnr_id": "comfy-core",
        "ver": "0.3.73",
        "enableTabs": false,
        "tabWidth": 65,
        "tabXOffset": 10,
        "hasSecondTab": false,
        "secondTabText": "Send Back",
        "secondTabOffset": 80,
        "secondTabWidth": 65
      },
      "widgets_values": [
        "",
        1024,
        1024
      ]
    }
  ],
  "links": [
    [
      62,
      57,
      0,
      9,
      0,
      "IMAGE"
    ],
    [
      63,
      58,
      0,
      57,
      0,
      "STRING"
    ],
    [
      65,
      59,
      0,
      60,
      0,
      "IMAGE"
    ],
    [
      66,
      61,
      0,
      59,
      0,
      "STRING"
    ],
    [
      67,
      58,
      0,
      61,
      0,
      "STRING"
    ]
  ],
  "groups": [],
  "definitions": {
    "subgraphs": [
      {
        "id": "f2fdebf6-dfaf-43b6-9eb2-7f70613cfdc1",
        "version": 1,
        "state": {
          "lastGroupId": 4,
          "lastNodeId": 34,
          "lastLinkId": 37,
          "lastRerouteId": 0
        },
        "revision": 0,
        "config": {},
        "name": "Text to Image (Z-Image-Turbo)",
        "inputNode": {
          "id": -10,
          "bounding": [
            -80,
            425,
            120,
            100
          ]
        },
        "outputNode": {
          "id": -20,
          "bounding": [
            1490,
            415,
            120,
            60
          ]
        },
        "inputs": [
          {
            "id": "fb178669-e742-4a53-8a69-7df59834dfd8",
            "name": "text",
            "type": "STRING",
            "linkIds": [
              34
            ],
            "label": "prompt",
            "pos": [
              20,
              445
            ]
          },
          {
            "id": "dd780b3c-23e9-46ff-8469-156008f42e5a",
            "name": "width",
            "type": "INT",
            "linkIds": [
              35
            ],
            "pos": [
              20,
              465
            ]
          },
          {
            "id": "7b08d546-6bb0-4ef9-82e9-ffae5e1ee6bc",
            "name": "height",
            "type": "INT",
            "linkIds": [
              36
            ],
            "pos": [
              20,
              485
            ]
          }
        ],
        "outputs": [
          {
            "id": "1fa72a21-ce00-4952-814e-1f2ffbe87d1d",
            "name": "IMAGE",
            "type": "IMAGE",
            "linkIds": [
              16
            ],
            "localized_name": "IMAGE",
            "pos": [
              1510,
              435
            ]
          }
        ],
        "widgets": [],
        "nodes": [
          {
            "id": 30,
            "type": "CLIPLoader",
            "pos": [
              110,
              330
            ],
            "size": [
              270,
              106
            ],
            "flags": {},
            "order": 0,
            "mode": 0,
            "inputs": [],
            "outputs": [
              {
                "localized_name": "CLIP",
                "name": "CLIP",
                "type": "CLIP",
                "links": [
                  28
                ]
              }
            ],
            "properties": {
              "Node name for S&R": "CLIPLoader",
              "cnr_id": "comfy-core",
              "ver": "0.3.73",
              "models": [
                {
                  "name": "qwen_3_4b.safetensors",
                  "url": "https://huggingface.co/Comfy-Org/z_image_turbo/resolve/main/split_files/text_encoders/qwen_3_4b.safetensors",
                  "directory": "text_encoders"
                }
              ],
              "enableTabs": false,
              "tabWidth": 65,
              "tabXOffset": 10,
              "hasSecondTab": false,
              "secondTabText": "Send Back",
              "secondTabOffset": 80,
              "secondTabWidth": 65
            },
            "widgets_values": [
              "qwen_3_4b.safetensors",
              "lumina2",
              "default"
            ]
          },
          {
            "id": 29,
            "type": "VAELoader",
            "pos": [
              110,
              480
            ],
            "size": [
              270,
              58
            ],
            "flags": {},
            "order": 1,
            "mode": 0,
            "inputs": [],
            "outputs": [
              {
                "localized_name": "VAE",
                "name": "VAE",
                "type": "VAE",
                "links": [
                  27
                ]
              }
            ],
            "properties": {
              "Node name for S&R": "VAELoader",
              "cnr_id": "comfy-core",
              "ver": "0.3.73",
              "models": [
                {
                  "name": "ae.safetensors",
                  "url": "https://huggingface.co/Comfy-Org/z_image_turbo/resolve/main/split_files/vae/ae.safetensors",
                  "directory": "vae"
                }
              ],
              "enableTabs": false,
              "tabWidth": 65,
              "tabXOffset": 10,
              "hasSecondTab": false,
              "secondTabText": "Send Back",
              "secondTabOffset": 80,
              "secondTabWidth": 65
            },
            "widgets_values": [
              "ae.safetensors"
            ]
          },
          {
            "id": 33,
            "type": "ConditioningZeroOut",
            "pos": [
              640,
              620
            ],
            "size": [
              204.134765625,
              26
            ],
            "flags": {},
            "order": 8,
            "mode": 0,
            "inputs": [
              {
                "localized_name": "conditioning",
                "name": "conditioning",
                "type": "CONDITIONING",
                "link": 32
              }
            ],
            "outputs": [
              {
                "localized_name": "CONDITIONING",
                "name": "CONDITIONING",
                "type": "CONDITIONING",
                "links": [
                  33
                ]
              }
            ],
            "properties": {
              "Node name for S&R": "ConditioningZeroOut",
              "cnr_id": "comfy-core",
              "ver": "0.3.73",
              "enableTabs": false,
              "tabWidth": 65,
              "tabXOffset": 10,
              "hasSecondTab": false,
              "secondTabText": "Send Back",
              "secondTabOffset": 80,
              "secondTabWidth": 65
            },
            "widgets_values": []
          },
          {
            "id": 8,
            "type": "VAEDecode",
            "pos": [
              1220,
              160
            ],
            "size": [
              210,
              46
            ],
            "flags": {},
            "order": 5,
            "mode": 0,
            "inputs": [
              {
                "localized_name": "samples",
                "name": "samples",
                "type": "LATENT",
                "link": 14
              },
              {
                "localized_name": "vae",
                "name": "vae",
                "type": "VAE",
                "link": 27
              }
            ],
            "outputs": [
              {
                "localized_name": "IMAGE",
                "name": "IMAGE",
                "type": "IMAGE",
                "slot_index": 0,
                "links": [
                  16
                ]
              }
            ],
            "properties": {
              "Node name for S&R": "VAEDecode",
              "cnr_id": "comfy-core",
              "ver": "0.3.64",
              "enableTabs": false,
              "tabWidth": 65,
              "tabXOffset": 10,
              "hasSecondTab": false,
              "secondTabText": "Send Back",
              "secondTabOffset": 80,
              "secondTabWidth": 65
            },
            "widgets_values": []
          },
          {
            "id": 28,
            "type": "UNETLoader",
            "pos": [
              110,
              200
            ],
            "size": [
              270,
              82
            ],
            "flags": {},
            "order": 2,
            "mode": 0,
            "inputs": [],
            "outputs": [
              {
                "localized_name": "MODEL",
                "name": "MODEL",
                "type": "MODEL",
                "links": [
                  26
                ]
              }
            ],
            "properties": {
              "Node name for S&R": "UNETLoader",
              "cnr_id": "comfy-core",
              "ver": "0.3.73",
              "models": [
                {
                  "name": "z_image_turbo_bf16.safetensors",
                  "url": "https://huggingface.co/Comfy-Org/z_image_turbo/resolve/main/split_files/diffusion_models/z_image_turbo_bf16.safetensors",
                  "directory": "diffusion_models"
                }
              ],
              "enableTabs": false,
              "tabWidth": 65,
              "tabXOffset": 10,
              "hasSecondTab": false,
              "secondTabText": "Send Back",
              "secondTabOffset": 80,
              "secondTabWidth": 65
            },
            "widgets_values": [
              "z_image_turbo_bf16.safetensors",
              "default"
            ]
          },
          {
            "id": 27,
            "type": "CLIPTextEncode",
            "pos": [
              430,
              200
            ],
            "size": [
              410,
              370
            ],
            "flags": {},
            "order": 7,
            "mode": 0,
            "inputs": [
              {
                "localized_name": "clip",
                "name": "clip",
                "type": "CLIP",
                "link": 28
              },
              {
                "localized_name": "text",
                "name": "text",
                "type": "STRING",
                "widget": {
                  "name": "text"
                },
                "link": 34
              }
            ],
            "outputs": [
              {
                "localized_name": "CONDITIONING",
                "name": "CONDITIONING",
                "type": "CONDITIONING",
                "links": [
                  30,
                  32
                ]
              }
            ],
            "properties": {
              "Node name for S&R": "CLIPTextEncode",
              "cnr_id": "comfy-core",
              "ver": "0.3.73",
              "enableTabs": false,
              "tabWidth": 65,
              "tabXOffset": 10,
              "hasSecondTab": false,
              "secondTabText": "Send Back",
              "secondTabOffset": 80,
              "secondTabWidth": 65
            },
            "widgets_values": [
              ""
            ]
          },
          {
            "id": 13,
            "type": "EmptySD3LatentImage",
            "pos": [
              110,
              630
            ],
            "size": [
              260,
              110
            ],
            "flags": {},
            "order": 6,
            "mode": 0,
            "inputs": [
              {
                "localized_name": "width",
                "name": "width",
                "type": "INT",
                "widget": {
                  "name": "width"
                },
                "link": 35
              },
              {
                "localized_name": "height",
                "name": "height",
                "type": "INT",
                "widget": {
                  "name": "height"
                },
                "link": 36
              }
            ],
            "outputs": [
              {
                "localized_name": "LATENT",
                "name": "LATENT",
                "type": "LATENT",
                "slot_index": 0,
                "links": [
                  17
                ]
              }
            ],
            "properties": {
              "Node name for S&R": "EmptySD3LatentImage",
              "cnr_id": "comfy-core",
              "ver": "0.3.64",
              "enableTabs": false,
              "tabWidth": 65,
              "tabXOffset": 10,
              "hasSecondTab": false,
              "secondTabText": "Send Back",
              "secondTabOffset": 80,
              "secondTabWidth": 65
            },
            "widgets_values": [
              1024,
              1024,
              1
            ]
          },
          {
            "id": 3,
            "type": "KSampler",
            "pos": [
              880,
              270
            ],
            "size": [
              315,
              262
            ],
            "flags": {},
            "order": 4,
            "mode": 0,
            "inputs": [
              {
                "localized_name": "model",
                "name": "model",
                "type": "MODEL",
                "link": 13
              },
              {
                "localized_name": "positive",
                "name": "positive",
                "type": "CONDITIONING",
                "link": 30
              },
              {
                "localized_name": "negative",
                "name": "negative",
                "type": "CONDITIONING",
                "link": 33
              },
              {
                "localized_name": "latent_image",
                "name": "latent_image",
                "type": "LATENT",
                "link": 17
              }
            ],
            "outputs": [
              {
                "localized_name": "LATENT",
                "name": "LATENT",
                "type": "LATENT",
                "slot_index": 0,
                "links": [
                  14
                ]
              }
            ],
            "properties": {
              "Node name for S&R": "KSampler",
              "cnr_id": "comfy-core",
              "ver": "0.3.64",
              "enableTabs": false,
              "tabWidth": 65,
              "tabXOffset": 10,
              "hasSecondTab": false,
              "secondTabText": "Send Back",
              "secondTabOffset": 80,
              "secondTabWidth": 65
            },
            "widgets_values": [
              0,
              "randomize",
              4,
              1,
              "res_multistep",
              "simple",
              1
            ]
          },
          {
            "id": 11,
            "type": "ModelSamplingAuraFlow",
            "pos": [
              880,
              160
            ],
            "size": [
              310,
              60
            ],
            "flags": {},
            "order": 3,
            "mode": 0,
            "inputs": [
              {
                "localized_name": "model",
                "name": "model",
                "type": "MODEL",
                "link": 26
              }
            ],
            "outputs": [
              {
                "localized_name": "MODEL",
                "name": "MODEL",
                "type": "MODEL",
                "slot_index": 0,
                "links": [
                  13
                ]
              }
            ],
            "properties": {
              "Node name for S&R": "ModelSamplingAuraFlow",
              "cnr_id": "comfy-core",
              "ver": "0.3.64",
              "enableTabs": false,
              "tabWidth": 65,
              "tabXOffset": 10,
              "hasSecondTab": false,
              "secondTabText": "Send Back",
              "secondTabOffset": 80,
              "secondTabWidth": 65
            },
            "widgets_values": [
              3
            ]
          }
        ],
        "groups": [
          {
            "id": 2,
            "title": "Step2 - Image size",
            "bounding": [
              100,
              560,
              290,
              200
            ],
            "color": "#3f789e",
            "font_size": 24,
            "flags": {}
          },
          {
            "id": 3,
            "title": "Step3 - Prompt",
            "bounding": [
              410,
              130,
              450,
              540
            ],
            "color": "#3f789e",
            "font_size": 24,
            "flags": {}
          },
          {
            "id": 4,
            "title": "Step1 - Load models",
            "bounding": [
              100,
              130,
              290,
              413.6
            ],
            "color": "#3f789e",
            "font_size": 24,
            "flags": {}
          }
        ],
        "links": [
          {
            "id": 32,
            "origin_id": 27,
            "origin_slot": 0,
            "target_id": 33,
            "target_slot": 0,
            "type": "CONDITIONING"
          },
          {
            "id": 26,
            "origin_id": 28,
            "origin_slot": 0,
            "target_id": 11,
            "target_slot": 0,
            "type": "MODEL"
          },
          {
            "id": 14,
            "origin_id": 3,
            "origin_slot": 0,
            "target_id": 8,
            "target_slot": 0,
            "type": "LATENT"
          },
          {
            "id": 27,
            "origin_id": 29,
            "origin_slot": 0,
            "target_id": 8,
            "target_slot": 1,
            "type": "VAE"
          },
          {
            "id": 13,
            "origin_id": 11,
            "origin_slot": 0,
            "target_id": 3,
            "target_slot": 0,
            "type": "MODEL"
          },
          {
            "id": 30,
            "origin_id": 27,
            "origin_slot": 0,
            "target_id": 3,
            "target_slot": 1,
            "type": "CONDITIONING"
          },
          {
            "id": 33,
            "origin_id": 33,
            "origin_slot": 0,
            "target_id": 3,
            "target_slot": 2,
            "type": "CONDITIONING"
          },
          {
            "id": 17,
            "origin_id": 13,
            "origin_slot": 0,
            "target_id": 3,
            "target_slot": 3,
            "type": "LATENT"
          },
          {
            "id": 28,
            "origin_id": 30,
            "origin_slot": 0,
            "target_id": 27,
            "target_slot": 0,
            "type": "CLIP"
          },
          {
            "id": 16,
            "origin_id": 8,
            "origin_slot": 0,
            "target_id": -20,
            "target_slot": 0,
            "type": "IMAGE"
          },
          {
            "id": 34,
            "origin_id": -10,
            "origin_slot": 0,
            "target_id": 27,
            "target_slot": 1,
            "type": "STRING"
          },
          {
            "id": 35,
            "origin_id": -10,
            "origin_slot": 1,
            "target_id": 13,
            "target_slot": 0,
            "type": "INT"
          },
          {
            "id": 36,
            "origin_id": -10,
            "origin_slot": 2,
            "target_id": 13,
            "target_slot": 1,
            "type": "INT"
          }
        ],
        "extra": {
          "workflowRendererVersion": "LG"
        }
      },
      {
        "id": "d097b645-4d3a-4bb7-8b0e-70e601cf07c9",
        "version": 1,
        "state": {
          "lastGroupId": 4,
          "lastNodeId": 36,
          "lastLinkId": 41,
          "lastRerouteId": 0
        },
        "revision": 0,
        "config": {},
        "name": "Text to Image (Z-Image-Turbo with LoRA)",
        "inputNode": {
          "id": -10,
          "bounding": [
            -80,
            425,
            120,
            140
          ]
        },
        "outputNode": {
          "id": -20,
          "bounding": [
            1490,
            415,
            120,
            60
          ]
        },
        "inputs": [
          {
            "id": "fb178669-e742-4a53-8a69-7df59834dfd8",
            "name": "text",
            "type": "STRING",
            "linkIds": [
              34
            ],
            "pos": [
              20,
              445
            ]
          },
          {
            "id": "dd780b3c-23e9-46ff-8469-156008f42e5a",
            "name": "width",
            "type": "INT",
            "linkIds": [
              35
            ],
            "pos": [
              20,
              465
            ]
          },
          {
            "id": "7b08d546-6bb0-4ef9-82e9-ffae5e1ee6bc",
            "name": "height",
            "type": "INT",
            "linkIds": [
              36
            ],
            "pos": [
              20,
              485
            ]
          },
          {
            "id": "840cd531-ffc5-4949-8986-39b22725d6ea",
            "name": "lora_name",
            "type": "COMBO",
            "linkIds": [
              40
            ],
            "pos": [
              20,
              505
            ]
          },
          {
            "id": "38c9ec07-c7e3-420c-8ad5-31efbd12e258",
            "name": "strength_model",
            "type": "FLOAT",
            "linkIds": [
              41
            ],
            "label": "lora_strength",
            "pos": [
              20,
              525
            ]
          }
        ],
        "outputs": [
          {
            "id": "1fa72a21-ce00-4952-814e-1f2ffbe87d1d",
            "name": "IMAGE",
            "type": "IMAGE",
            "linkIds": [
              16
            ],
            "localized_name": "IMAGE",
            "pos": [
              1510,
              435
            ]
          }
        ],
        "widgets": [],
        "nodes": [
          {
            "id": 30,
            "type": "CLIPLoader",
            "pos": [
              110,
              330
            ],
            "size": [
              270,
              106
            ],
            "flags": {},
            "order": 0,
            "mode": 4,
            "inputs": [],
            "outputs": [
              {
                "localized_name": "CLIP",
                "name": "CLIP",
                "type": "CLIP",
                "links": [
                  28
                ]
              }
            ],
            "properties": {
              "Node name for S&R": "CLIPLoader",
              "cnr_id": "comfy-core",
              "ver": "0.3.73",
              "models": [
                {
                  "name": "qwen_3_4b.safetensors",
                  "url": "https://huggingface.co/Comfy-Org/z_image_turbo/resolve/main/split_files/text_encoders/qwen_3_4b.safetensors",
                  "directory": "text_encoders"
                }
              ],
              "enableTabs": false,
              "tabWidth": 65,
              "tabXOffset": 10,
              "hasSecondTab": false,
              "secondTabText": "Send Back",
              "secondTabOffset": 80,
              "secondTabWidth": 65
            },
            "widgets_values": [
              "qwen_3_4b.safetensors",
              "lumina2",
              "default"
            ]
          },
          {
            "id": 29,
            "type": "VAELoader",
            "pos": [
              110,
              480
            ],
            "size": [
              270,
              58
            ],
            "flags": {},
            "order": 1,
            "mode": 4,
            "inputs": [],
            "outputs": [
              {
                "localized_name": "VAE",
                "name": "VAE",
                "type": "VAE",
                "links": [
                  27
                ]
              }
            ],
            "properties": {
              "Node name for S&R": "VAELoader",
              "cnr_id": "comfy-core",
              "ver": "0.3.73",
              "models": [
                {
                  "name": "ae.safetensors",
                  "url": "https://huggingface.co/Comfy-Org/z_image_turbo/resolve/main/split_files/vae/ae.safetensors",
                  "directory": "vae"
                }
              ],
              "enableTabs": false,
              "tabWidth": 65,
              "tabXOffset": 10,
              "hasSecondTab": false,
              "secondTabText": "Send Back",
              "secondTabOffset": 80,
              "secondTabWidth": 65
            },
            "widgets_values": [
              "ae.safetensors"
            ]
          },
          {
            "id": 33,
            "type": "ConditioningZeroOut",
            "pos": [
              640,
              620
            ],
            "size": [
              204.134765625,
              26
            ],
            "flags": {},
            "order": 9,
            "mode": 4,
            "inputs": [
              {
                "localized_name": "conditioning",
                "name": "conditioning",
                "type": "CONDITIONING",
                "link": 32
              }
            ],
            "outputs": [
              {
                "localized_name": "CONDITIONING",
                "name": "CONDITIONING",
                "type": "CONDITIONING",
                "links": [
                  33
                ]
              }
            ],
            "properties": {
              "Node name for S&R": "ConditioningZeroOut",
              "cnr_id": "comfy-core",
              "ver": "0.3.73",
              "enableTabs": false,
              "tabWidth": 65,
              "tabXOffset": 10,
              "hasSecondTab": false,
              "secondTabText": "Send Back",
              "secondTabOffset": 80,
              "secondTabWidth": 65
            },
            "widgets_values": []
          },
          {
            "id": 8,
            "type": "VAEDecode",
            "pos": [
              1220,
              160
            ],
            "size": [
              210,
              46
            ],
            "flags": {},
            "order": 5,
            "mode": 4,
            "inputs": [
              {
                "localized_name": "samples",
                "name": "samples",
                "type": "LATENT",
                "link": 14
              },
              {
                "localized_name": "vae",
                "name": "vae",
                "type": "VAE",
                "link": 27
              }
            ],
            "outputs": [
              {
                "localized_name": "IMAGE",
                "name": "IMAGE",
                "type": "IMAGE",
                "slot_index": 0,
                "links": [
                  16
                ]
              }
            ],
            "properties": {
              "Node name for S&R": "VAEDecode",
              "cnr_id": "comfy-core",
              "ver": "0.3.64",
              "enableTabs": false,
              "tabWidth": 65,
              "tabXOffset": 10,
              "hasSecondTab": false,
              "secondTabText": "Send Back",
              "secondTabOffset": 80,
              "secondTabWidth": 65
            },
            "widgets_values": []
          },
          {
            "id": 27,
            "type": "CLIPTextEncode",
            "pos": [
              430,
              200
            ],
            "size": [
              410,
              370
            ],
            "flags": {},
            "order": 8,
            "mode": 4,
            "inputs": [
              {
                "localized_name": "clip",
                "name": "clip",
                "type": "CLIP",
                "link": 28
              },
              {
                "localized_name": "text",
                "name": "text",
                "type": "STRING",
                "widget": {
                  "name": "text"
                },
                "link": 34
              }
            ],
            "outputs": [
              {
                "localized_name": "CONDITIONING",
                "name": "CONDITIONING",
                "type": "CONDITIONING",
                "links": [
                  30,
                  32
                ]
              }
            ],
            "properties": {
              "Node name for S&R": "CLIPTextEncode",
              "cnr_id": "comfy-core",
              "ver": "0.3.73",
              "enableTabs": false,
              "tabWidth": 65,
              "tabXOffset": 10,
              "hasSecondTab": false,
              "secondTabText": "Send Back",
              "secondTabOffset": 80,
              "secondTabWidth": 65
            },
            "widgets_values": [
              ""
            ]
          },
          {
            "id": 13,
            "type": "EmptySD3LatentImage",
            "pos": [
              110,
              630
            ],
            "size": [
              260,
              110
            ],
            "flags": {},
            "order": 7,
            "mode": 4,
            "inputs": [
              {
                "localized_name": "width",
                "name": "width",
                "type": "INT",
                "widget": {
                  "name": "width"
                },
                "link": 35
              },
              {
                "localized_name": "height",
                "name": "height",
                "type": "INT",
                "widget": {
                  "name": "height"
                },
                "link": 36
              }
            ],
            "outputs": [
              {
                "localized_name": "LATENT",
                "name": "LATENT",
                "type": "LATENT",
                "slot_index": 0,
                "links": [
                  17
                ]
              }
            ],
            "properties": {
              "Node name for S&R": "EmptySD3LatentImage",
              "cnr_id": "comfy-core",
              "ver": "0.3.64",
              "enableTabs": false,
              "tabWidth": 65,
              "tabXOffset": 10,
              "hasSecondTab": false,
              "secondTabText": "Send Back",
              "secondTabOffset": 80,
              "secondTabWidth": 65
            },
            "widgets_values": [
              1024,
              1024,
              1
            ]
          },
          {
            "id": 3,
            "type": "KSampler",
            "pos": [
              880,
              270
            ],
            "size": [
              315,
              262
            ],
            "flags": {},
            "order": 4,
            "mode": 4,
            "inputs": [
              {
                "localized_name": "model",
                "name": "model",
                "type": "MODEL",
                "link": 13
              },
              {
                "localized_name": "positive",
                "name": "positive",
                "type": "CONDITIONING",
                "link": 30
              },
              {
                "localized_name": "negative",
                "name": "negative",
                "type": "CONDITIONING",
                "link": 33
              },
              {
                "localized_name": "latent_image",
                "name": "latent_image",
                "type": "LATENT",
                "link": 17
              }
            ],
            "outputs": [
              {
                "localized_name": "LATENT",
                "name": "LATENT",
                "type": "LATENT",
                "slot_index": 0,
                "links": [
                  14
                ]
              }
            ],
            "properties": {
              "Node name for S&R": "KSampler",
              "cnr_id": "comfy-core",
              "ver": "0.3.64",
              "enableTabs": false,
              "tabWidth": 65,
              "tabXOffset": 10,
              "hasSecondTab": false,
              "secondTabText": "Send Back",
              "secondTabOffset": 80,
              "secondTabWidth": 65
            },
            "widgets_values": [
              0,
              "randomize",
              4,
              1,
              "res_multistep",
              "simple",
              1
            ]
          },
          {
            "id": 28,
            "type": "UNETLoader",
            "pos": [
              110,
              200
            ],
            "size": [
              270,
              82
            ],
            "flags": {},
            "order": 2,
            "mode": 4,
            "inputs": [],
            "outputs": [
              {
                "localized_name": "MODEL",
                "name": "MODEL",
                "type": "MODEL",
                "links": [
                  38
                ]
              }
            ],
            "properties": {
              "Node name for S&R": "UNETLoader",
              "cnr_id": "comfy-core",
              "ver": "0.3.73",
              "models": [
                {
                  "name": "z_image_turbo_bf16.safetensors",
                  "url": "https://huggingface.co/Comfy-Org/z_image_turbo/resolve/main/split_files/diffusion_models/z_image_turbo_bf16.safetensors",
                  "directory": "diffusion_models"
                }
              ],
              "enableTabs": false,
              "tabWidth": 65,
              "tabXOffset": 10,
              "hasSecondTab": false,
              "secondTabText": "Send Back",
              "secondTabOffset": 80,
              "secondTabWidth": 65
            },
            "widgets_values": [
              "z_image_turbo_bf16.safetensors",
              "default"
            ]
          },
          {
            "id": 36,
            "type": "Note",
            "pos": [
              510,
              -130
            ],
            "size": [
              210,
              88
            ],
            "flags": {},
            "order": 3,
            "mode": 4,
            "inputs": [],
            "outputs": [],
            "title": "LoRA trigger word",
            "properties": {},
            "widgets_values": [
              "Pixel art style"
            ],
            "color": "#432",
            "bgcolor": "#000"
          },
          {
            "id": 11,
            "type": "ModelSamplingAuraFlow",
            "pos": [
              880,
              160
            ],
            "size": [
              310,
              60
            ],
            "flags": {},
            "order": 6,
            "mode": 4,
            "inputs": [
              {
                "localized_name": "model",
                "name": "model",
                "type": "MODEL",
                "link": 39
              }
            ],
            "outputs": [
              {
                "localized_name": "MODEL",
                "name": "MODEL",
                "type": "MODEL",
                "slot_index": 0,
                "links": [
                  13
                ]
              }
            ],
            "properties": {
              "Node name for S&R": "ModelSamplingAuraFlow",
              "cnr_id": "comfy-core",
              "ver": "0.3.64",
              "enableTabs": false,
              "tabWidth": 65,
              "tabXOffset": 10,
              "hasSecondTab": false,
              "secondTabText": "Send Back",
              "secondTabOffset": 80,
              "secondTabWidth": 65
            },
            "widgets_values": [
              3
            ]
          },
          {
            "id": 35,
            "type": "LoraLoaderModelOnly",
            "pos": [
              450,
              10
            ],
            "size": [
              370,
              82
            ],
            "flags": {},
            "order": 10,
            "mode": 4,
            "inputs": [
              {
                "localized_name": "model",
                "name": "model",
                "type": "MODEL",
                "link": 38
              },
              {
                "localized_name": "lora_name",
                "name": "lora_name",
                "type": "COMBO",
                "widget": {
                  "name": "lora_name"
                },
                "link": 40
              },
              {
                "localized_name": "strength_model",
                "name": "strength_model",
                "type": "FLOAT",
                "widget": {
                  "name": "strength_model"
                },
                "link": 41
              }
            ],
            "outputs": [
              {
                "localized_name": "MODEL",
                "name": "MODEL",
                "type": "MODEL",
                "links": [
                  39
                ]
              }
            ],
            "properties": {
              "Node name for S&R": "LoraLoaderModelOnly",
              "cnr_id": "comfy-core",
              "ver": "0.3.75",
              "models": [
                {
                  "name": "pixel_art_style_z_image_turbo.safetensors",
                  "url": "https://huggingface.co/tarn59/pixel_art_style_lora_z_image_turbo/resolve/main/pixel_art_style_z_image_turbo.safetensors",
                  "directory": "loras"
                }
              ],
              "enableTabs": false,
              "tabWidth": 65,
              "tabXOffset": 10,
              "hasSecondTab": false,
              "secondTabText": "Send Back",
              "secondTabOffset": 80,
              "secondTabWidth": 65
            },
            "widgets_values": [
              "pixel_art_style_z_image_turbo.safetensors",
              1
            ]
          }
        ],
        "groups": [
          {
            "id": 2,
            "title": "Step2 - Image size",
            "bounding": [
              100,
              560,
              290,
              200
            ],
            "color": "#3f789e",
            "font_size": 24,
            "flags": {}
          },
          {
            "id": 3,
            "title": "Step3 - Prompt",
            "bounding": [
              410,
              130,
              450,
              540
            ],
            "color": "#3f789e",
            "font_size": 24,
            "flags": {}
          },
          {
            "id": 4,
            "title": "Step1 - Load models",
            "bounding": [
              100,
              130,
              290,
              413.6
            ],
            "color": "#3f789e",
            "font_size": 24,
            "flags": {}
          }
        ],
        "links": [
          {
            "id": 32,
            "origin_id": 27,
            "origin_slot": 0,
            "target_id": 33,
            "target_slot": 0,
            "type": "CONDITIONING"
          },
          {
            "id": 14,
            "origin_id": 3,
            "origin_slot": 0,
            "target_id": 8,
            "target_slot": 0,
            "type": "LATENT"
          },
          {
            "id": 27,
            "origin_id": 29,
            "origin_slot": 0,
            "target_id": 8,
            "target_slot": 1,
            "type": "VAE"
          },
          {
            "id": 13,
            "origin_id": 11,
            "origin_slot": 0,
            "target_id": 3,
            "target_slot": 0,
            "type": "MODEL"
          },
          {
            "id": 30,
            "origin_id": 27,
            "origin_slot": 0,
            "target_id": 3,
            "target_slot": 1,
            "type": "CONDITIONING"
          },
          {
            "id": 33,
            "origin_id": 33,
            "origin_slot": 0,
            "target_id": 3,
            "target_slot": 2,
            "type": "CONDITIONING"
          },
          {
            "id": 17,
            "origin_id": 13,
            "origin_slot": 0,
            "target_id": 3,
            "target_slot": 3,
            "type": "LATENT"
          },
          {
            "id": 28,
            "origin_id": 30,
            "origin_slot": 0,
            "target_id": 27,
            "target_slot": 0,
            "type": "CLIP"
          },
          {
            "id": 16,
            "origin_id": 8,
            "origin_slot": 0,
            "target_id": -20,
            "target_slot": 0,
            "type": "IMAGE"
          },
          {
            "id": 34,
            "origin_id": -10,
            "origin_slot": 0,
            "target_id": 27,
            "target_slot": 1,
            "type": "STRING"
          },
          {
            "id": 35,
            "origin_id": -10,
            "origin_slot": 1,
            "target_id": 13,
            "target_slot": 0,
            "type": "INT"
          },
          {
            "id": 36,
            "origin_id": -10,
            "origin_slot": 2,
            "target_id": 13,
            "target_slot": 1,
            "type": "INT"
          },
          {
            "id": 38,
            "origin_id": 28,
            "origin_slot": 0,
            "target_id": 35,
            "target_slot": 0,
            "type": "MODEL"
          },
          {
            "id": 39,
            "origin_id": 35,
            "origin_slot": 0,
            "target_id": 11,
            "target_slot": 0,
            "type": "MODEL"
          },
          {
            "id": 40,
            "origin_id": -10,
            "origin_slot": 3,
            "target_id": 35,
            "target_slot": 1,
            "type": "COMBO"
          },
          {
            "id": 41,
            "origin_id": -10,
            "origin_slot": 4,
            "target_id": 35,
            "target_slot": 2,
            "type": "FLOAT"
          }
        ],
        "extra": {
          "workflowRendererVersion": "LG"
        }
      }
    ]
  },
  "config": {},
  "extra": {
    "ds": {
      "scale": 0.4600148579705537,
      "offset": [
        594.822318604862,
        476.72734791347744
      ]
    },
    "frontendVersion": "1.37.11",
    "workflowRendererVersion": "LG",
    "VHS_latentpreview": false,
    "VHS_latentpreviewrate": 0,
    "VHS_MetadataImage": true,
    "VHS_KeepIntermediate": true
  },
  "version": 0.4
}